{
        "providers":[
                {
                        "type":"bitmap",
                        "file":"minecraft:mini_cards/a_card.png",
                        "height":8,
                        "ascent":8,
                        "chars":["\u0001"]
                },
		{
                        "type":"bitmap",
                        "file":"minecraft:mini_cards/2_card.png",
                        "height":8,
                        "ascent":8,
                        "chars":["\u0002"]
                },
		{
                        "type":"bitmap",
                        "file":"minecraft:mini_cards/3_card.png",
                        "height":8,
                        "ascent":8,
                        "chars":["\u0003"]
                },
		{
				
                        "type":"bitmap",
                        "file":"minecraft:mini_cards/4_card.png",
                        "height":8,
                        "ascent":8,
                        "chars":["\u0004"]
                },
		{
                        "type":"bitmap",
                        "file":"minecraft:mini_cards/5_card.png",
                        "height":8,
                        "ascent":8,
                        "chars":["\u0005"]
                },
		{
                        "type":"bitmap",
                        "file":"minecraft:mini_cards/6_card.png",
                        "height":8,
                        "ascent":8,
                        "chars":["\u0006"]
                },
		{
                        "type":"bitmap",
                        "file":"minecraft:mini_cards/7_card.png",
                        "height":8,
                        "ascent":8,
                        "chars":["\u0007"]
                },
		{
                        "type":"bitmap",
                        "file":"minecraft:mini_cards/8_card.png",
                        "height":8,
                        "ascent":8,
                        "chars":["\u0008"]
                },
		{
                        "type":"bitmap",
                        "file":"minecraft:mini_cards/9_card.png",
                        "height":8,
                        "ascent":8,
                        "chars":["\u0009"]
                },
		{
                        "type":"bitmap",
                        "file":"minecraft:mini_cards/10_card.png",
                        "height":8,
                        "ascent":8,
                        "chars":["\u000a"]
                },
		{
                        "type":"bitmap",
                        "file":"minecraft:mini_cards/j_card.png",
                        "height":8,
                        "ascent":8,
                        "chars":["\u000b"]
                },
		{
                        "type":"bitmap",
                        "file":"minecraft:mini_cards/q_card.png",
                        "height":8,
                        "ascent":8,
                        "chars":["\u000c"]
                },
		{
                        "type":"bitmap",
                        "file":"minecraft:mini_cards/k_card.png",
                        "height":8,
                        "ascent":8,
                        "chars":["\u000d"]
                },
		{
                        "type":"bitmap",
                        "file":"minecraft:mini_cards/joker1_card.png",
                        "height":16,
                        "ascent":8,
                        "chars":["\u000e"]
                },
		{
                        "type":"bitmap",
                        "file":"minecraft:mini_cards/joker2_card.png",
                        "height":16,
                        "ascent":8,
                        "chars":["\u000f"]
                }
        ]
}