{
    "parent": "item/handheld_rod",
    "textures": {
        "layer0": "item/blue_dye"
    },
	"overrides" :[
		{"predicate":{"custom_model_data":501},"model":"clover_cards2/diamonds3"},
		{"predicate":{"custom_model_data":502},"model":"clover_cards2/clubs3"},
		{"predicate":{"custom_model_data":503},"model":"clover_cards2/hearts3"},
		{"predicate":{"custom_model_data":504},"model":"clover_cards2/spades3"},
		{"predicate":{"custom_model_data":505},"model":"clover_cards2/diamonds4"},
		{"predicate":{"custom_model_data":506},"model":"clover_cards2/clubs4"},
		{"predicate":{"custom_model_data":507},"model":"clover_cards2/hearts4"},
		{"predicate":{"custom_model_data":508},"model":"clover_cards2/spades4"},
		{"predicate":{"custom_model_data":509},"model":"clover_cards2/diamonds5"},
		{"predicate":{"custom_model_data":510},"model":"clover_cards2/clubs5"},
		{"predicate":{"custom_model_data":511},"model":"clover_cards2/hearts5"},
		{"predicate":{"custom_model_data":512},"model":"clover_cards2/spades5"},
		{"predicate":{"custom_model_data":513},"model":"clover_cards2/diamonds6"},
		{"predicate":{"custom_model_data":514},"model":"clover_cards2/clubs6"},
		{"predicate":{"custom_model_data":515},"model":"clover_cards2/hearts6"},
		{"predicate":{"custom_model_data":516},"model":"clover_cards2/spades6"},
		{"predicate":{"custom_model_data":517},"model":"clover_cards2/diamonds7"},
		{"predicate":{"custom_model_data":518},"model":"clover_cards2/clubs7"},
		{"predicate":{"custom_model_data":519},"model":"clover_cards2/hearts7"},
		{"predicate":{"custom_model_data":520},"model":"clover_cards2/spades7"},
		{"predicate":{"custom_model_data":521},"model":"clover_cards2/diamonds8"},
		{"predicate":{"custom_model_data":522},"model":"clover_cards2/clubs8"},
		{"predicate":{"custom_model_data":523},"model":"clover_cards2/hearts8"},
		{"predicate":{"custom_model_data":524},"model":"clover_cards2/spades8"},
		{"predicate":{"custom_model_data":525},"model":"clover_cards2/diamonds9"},
		{"predicate":{"custom_model_data":526},"model":"clover_cards2/clubs9"},
		{"predicate":{"custom_model_data":527},"model":"clover_cards2/hearts9"},
		{"predicate":{"custom_model_data":528},"model":"clover_cards2/spades9"},
		{"predicate":{"custom_model_data":529},"model":"clover_cards2/diamonds10"},
		{"predicate":{"custom_model_data":530},"model":"clover_cards2/clubs10"},
		{"predicate":{"custom_model_data":531},"model":"clover_cards2/hearts10"},
		{"predicate":{"custom_model_data":532},"model":"clover_cards2/spades10"},
		{"predicate":{"custom_model_data":533},"model":"clover_cards2/diamonds11"},
		{"predicate":{"custom_model_data":534},"model":"clover_cards2/clubs11"},
		{"predicate":{"custom_model_data":535},"model":"clover_cards2/hearts11"},
		{"predicate":{"custom_model_data":536},"model":"clover_cards2/spades11"},
		{"predicate":{"custom_model_data":537},"model":"clover_cards2/diamonds12"},
		{"predicate":{"custom_model_data":538},"model":"clover_cards2/clubs12"},
		{"predicate":{"custom_model_data":539},"model":"clover_cards2/hearts12"},
		{"predicate":{"custom_model_data":540},"model":"clover_cards2/spades12"},
		{"predicate":{"custom_model_data":541},"model":"clover_cards2/diamonds13"},
		{"predicate":{"custom_model_data":542},"model":"clover_cards2/clubs13"},
		{"predicate":{"custom_model_data":543},"model":"clover_cards2/hearts13"},
		{"predicate":{"custom_model_data":544},"model":"clover_cards2/spades13"},
		{"predicate":{"custom_model_data":545},"model":"clover_cards2/diamonds1"},
		{"predicate":{"custom_model_data":546},"model":"clover_cards2/clubs1"},
		{"predicate":{"custom_model_data":547},"model":"clover_cards2/hearts1"},
		{"predicate":{"custom_model_data":548},"model":"clover_cards2/spades1"},
		{"predicate":{"custom_model_data":549},"model":"clover_cards2/diamonds2"},
		{"predicate":{"custom_model_data":550},"model":"clover_cards2/clubs2"},
		{"predicate":{"custom_model_data":551},"model":"clover_cards2/hearts2"},
		{"predicate":{"custom_model_data":552},"model":"clover_cards2/spades2"},
		{"predicate":{"custom_model_data":553},"model":"clover_cards2/joker1"},
		{"predicate":{"custom_model_data":554},"model":"clover_cards2/joker2"},
		{"predicate":{"custom_model_data":555},"model":"clover_cards2/only_back"}
	]
}
