{
    "parent": "item/handheld_rod",
    "textures": {
        "layer0": "item/green_dye"
    },
	"overrides" :[
		{"predicate":{"custom_model_data":401},"model":"de"},
		{"predicate":{"custom_model_data":402},"model":"guai"},
		{"predicate":{"custom_model_data":403},"model":"chen"},
		{"predicate":{"custom_model_data":404},"model":"cow"},
		{"predicate":{"custom_model_data":405},"model":"kuai"},
		{"predicate":{"custom_model_data":406},"model":"tea"},
		{"predicate":{"custom_model_data":407},"model":"nice"},
		{"predicate":{"custom_model_data":408},"model":"17"},
		{"predicate":{"custom_model_data":409},"model":"chi"},
		{"predicate":{"custom_model_data":410},"model":"bomb"},
		{"predicate":{"custom_model_data":411},"model":"money"},
		{"predicate":{"custom_model_data":412},"model":"ying"},
		{"predicate":{"custom_model_data":413},"model":"huan"},
		{"predicate":{"custom_model_data":414},"model":"k"},
		{"predicate":{"custom_model_data":415},"model":"li"},
		{"predicate":{"custom_model_data":416},"model":"tong"},
		{"predicate":{"custom_model_data":417},"model":"jue"},
		{"predicate":{"custom_model_data":418},"model":"wilted_flower"},
		{"predicate":{"custom_model_data":419},"model":"goodjob"},
		{"predicate":{"custom_model_data":420},"model":"mmgg"},
		{"predicate":{"custom_model_data":421},"model":"sunrise"},
		{"predicate":{"custom_model_data":422},"model":"leave"}
	]
}
