{
	"doudizhu.bgm1": {
		"replace": true,
		"sounds": [
			{
				"name": "doudizhu/bgm1",
				"stream": true
			}
		]
	},
	"doudizhu.bgm2": {
		"replace": true,
		"sounds": [
			{
				"name": "doudizhu/bgm2",
				"stream": true
			}
		]
	},
	"doudizhu.bgm3": {
		"replace": true,
		"sounds": [
			{
				"name": "doudizhu/bgm3",
				"stream": true
			}
		]
	},
	"doudizhu.a": {
		"replace": true,
		"sounds": [
			{
				"name": "doudizhu/effect/a",
				"stream": true
			}
		]
	},
	"doudizhu.2": {
		"replace": true,
		"sounds": [
			{
				"name": "doudizhu/effect/2",
				"stream": true
			}
		]
	},
	"doudizhu.3": {
		"replace": true,
		"sounds": [
			{
				"name": "doudizhu/effect/3",
				"stream": true
			}
		]
	},
	"doudizhu.4": {
		"replace": true,
		"sounds": [
			{
				"name": "doudizhu/effect/4",
				"stream": true
			}
		]
	},
	"doudizhu.5": {
		"replace": true,
		"sounds": [
			{
				"name": "doudizhu/effect/5",
				"stream": true
			}
		]
	},
	"doudizhu.6": {
		"replace": true,
		"sounds": [
			{
				"name": "doudizhu/effect/6",
				"stream": true
			}
		]
	},
	"doudizhu.7": {
		"replace": true,
		"sounds": [
			{
				"name": "doudizhu/effect/7",
				"stream": true
			}
		]
	},
	"doudizhu.8": {
		"replace": true,
		"sounds": [
			{
				"name": "doudizhu/effect/8",
				"stream": true
			}
		]
	},
	"doudizhu.9": {
		"replace": true,
		"sounds": [
			{
				"name": "doudizhu/effect/9",
				"stream": true
			}
		]
	},
	"doudizhu.10": {
		"replace": true,
		"sounds": [
			{
				"name": "doudizhu/effect/10",
				"stream": true
			}
		]
	},
	"doudizhu.j": {
		"replace": true,
		"sounds": [
			{
				"name": "doudizhu/effect/j",
				"stream": true
			}
		]
	},
	"doudizhu.q": {
		"replace": true,
		"sounds": [
			{
				"name": "doudizhu/effect/q",
				"stream": true
			}
		]
	},
	"doudizhu.k": {
		"replace": true,
		"sounds": [
			{
				"name": "doudizhu/effect/k",
				"stream": true
			}
		]
	},
	"doudizhu.joker1": {
		"replace": true,
		"sounds": [
			{
				"name": "doudizhu/effect/joker1",
				"stream": true
			}
		]
	},
	"doudizhu.joker2": {
		"replace": true,
		"sounds": [
			{
				"name": "doudizhu/effect/joker2",
				"stream": true
			}
		]
	},
	"doudizhu.pa": {
		"replace": true,
		"sounds": [
			{
				"name": "doudizhu/effect/pa",
				"stream": true
			}
		]
	},
	"doudizhu.p2": {
		"replace": true,
		"sounds": [
			{
				"name": "doudizhu/effect/p2",
				"stream": true
			}
		]
	},
	"doudizhu.p3": {
		"replace": true,
		"sounds": [
			{
				"name": "doudizhu/effect/p3",
				"stream": true
			}
		]
	},
	"doudizhu.p4": {
		"replace": true,
		"sounds": [
			{
				"name": "doudizhu/effect/p4",
				"stream": true
			}
		]
	},
	"doudizhu.p5": {
		"replace": true,
		"sounds": [
			{
				"name": "doudizhu/effect/p5",
				"stream": true
			}
		]
	},
	"doudizhu.p6": {
		"replace": true,
		"sounds": [
			{
				"name": "doudizhu/effect/p6",
				"stream": true
			}
		]
	},
	"doudizhu.p7": {
		"replace": true,
		"sounds": [
			{
				"name": "doudizhu/effect/p7",
				"stream": true
			}
		]
	},
	"doudizhu.p8": {
		"replace": true,
		"sounds": [
			{
				"name": "doudizhu/effect/p8",
				"stream": true
			}
		]
	},
	"doudizhu.p9": {
		"replace": true,
		"sounds": [
			{
				"name": "doudizhu/effect/p9",
				"stream": true
			}
		]
	},
	"doudizhu.p10": {
		"replace": true,
		"sounds": [
			{
				"name": "doudizhu/effect/p10",
				"stream": true
			}
		]
	},
	"doudizhu.pj": {
		"replace": true,
		"sounds": [
			{
				"name": "doudizhu/effect/pj",
				"stream": true
			}
		]
	},
	"doudizhu.pq": {
		"replace": true,
		"sounds": [
			{
				"name": "doudizhu/effect/pq",
				"stream": true
			}
		]
	},
	"doudizhu.pk": {
		"replace": true,
		"sounds": [
			{
				"name": "doudizhu/effect/pk",
				"stream": true
			}
		]
	},
	"doudizhu.t3": {
		"replace": true,
		"sounds": [
			{
				"name": "doudizhu/effect/t3",
				"stream": true
			}
		]
	},
	"doudizhu.t4": {
		"replace": true,
		"sounds": [
			{
				"name": "doudizhu/effect/t4",
				"stream": true
			}
		]
	},
	"doudizhu.t5": {
		"replace": true,
		"sounds": [
			{
				"name": "doudizhu/effect/t5",
				"stream": true
			}
		]
	},
	"doudizhu.t6": {
		"replace": true,
		"sounds": [
			{
				"name": "doudizhu/effect/t6",
				"stream": true
			}
		]
	},
	"doudizhu.t7": {
		"replace": true,
		"sounds": [
			{
				"name": "doudizhu/effect/t7",
				"stream": true
			}
		]
	},
	"doudizhu.t8": {
		"replace": true,
		"sounds": [
			{
				"name": "doudizhu/effect/t8",
				"stream": true
			}
		]
	},
	"doudizhu.t91011": {
		"replace": true,
		"sounds": [
			{
				"name": "doudizhu/effect/t91011",
				"stream": true
			}
		]
	},
	"doudizhu.t12": {
		"replace": true,
		"sounds": [
			{
				"name": "doudizhu/effect/t12",
				"stream": true
			}
		]
	},
	"doudizhu.t13": {
		"replace": true,
		"sounds": [
			{
				"name": "doudizhu/effect/t13",
				"stream": true
			}
		]
	},
	"doudizhu.pass1": {
		"replace": true,
		"sounds": [
			{
				"name": "doudizhu/effect/pass1",
				"stream": true
			}
		]
	},
	"doudizhu.pass2": {
		"replace": true,
		"sounds": [
			{
				"name": "doudizhu/effect/pass2",
				"stream": true
			}
		]
	},
	"doudizhu.pass_jiao": {
		"replace": true,
		"sounds": [
			{
				"name": "doudizhu/effect/pass_jiao",
				"stream": true
			}
		]
	},
	"doudizhu.1p": {
		"replace": true,
		"sounds": [
			{
				"name": "doudizhu/effect/1p",
				"stream": true
			}
		]
	},
	"doudizhu.2p": {
		"replace": true,
		"sounds": [
			{
				"name": "doudizhu/effect/2p",
				"stream": true
			}
		]
	},
	"doudizhu.3p": {
		"replace": true,
		"sounds": [
			{
				"name": "doudizhu/effect/3p",
				"stream": true
			}
		]
	},
	"doudizhu.left2": {
		"replace": true,
		"sounds": [
			{
				"name": "doudizhu/effect/left2",
				"stream": true
			}
		]
	},
	"doudizhu.left1": {
		"replace": true,
		"sounds": [
			{
				"name": "doudizhu/effect/left1",
				"stream": true
			}
		]
	},
	"doudizhu.v1": {
		"replace": true,
		"sounds": [
			{
				"name": "doudizhu/voice/v1",
				"stream": true
			}
		]
	},
	"doudizhu.v2": {
		"replace": true,
		"sounds": [
			{
				"name": "doudizhu/voice/v2",
				"stream": true
			}
		]
	},
	"doudizhu.v3": {
		"replace": true,
		"sounds": [
			{
				"name": "doudizhu/voice/v3",
				"stream": true
			}
		]
	},
	"doudizhu.v4": {
		"replace": true,
		"sounds": [
			{
				"name": "doudizhu/voice/v4",
				"stream": true
			}
		]
	},
	"doudizhu.v5": {
		"replace": true,
		"sounds": [
			{
				"name": "doudizhu/voice/v5",
				"stream": true
			}
		]
	},
	"doudizhu.v6": {
		"replace": true,
		"sounds": [
			{
				"name": "doudizhu/voice/v6",
				"stream": true
			}
		]
	},
	"doudizhu.v7": {
		"replace": true,
		"sounds": [
			{
				"name": "doudizhu/voice/v7",
				"stream": true
			}
		]
	},
	"doudizhu.v8": {
		"replace": true,
		"sounds": [
			{
				"name": "doudizhu/voice/v8",
				"stream": true
			}
		]
	},
	"doudizhu.v9": {
		"replace": true,
		"sounds": [
			{
				"name": "doudizhu/voice/v9",
				"stream": true
			}
		]
	},
	"doudizhu.v10": {
		"replace": true,
		"sounds": [
			{
				"name": "doudizhu/voice/v10",
				"stream": true
			}
		]
	},
	"doudizhu.v11": {
		"replace": true,
		"sounds": [
			{
				"name": "doudizhu/voice/v11",
				"stream": true
			}
		]
	},
	"doudizhu.v12": {
		"replace": true,
		"sounds": [
			{
				"name": "doudizhu/voice/v12",
				"stream": true
			}
		]
	},
	"doudizhu.v13": {
		"replace": true,
		"sounds": [
			{
				"name": "doudizhu/voice/v13",
				"stream": true
			}
		]
	},
	"doudizhu.v14": {
		"replace": true,
		"sounds": [
			{
				"name": "doudizhu/voice/v14",
				"stream": true
			}
		]
	},
	"doudizhu.v15": {
		"replace": true,
		"sounds": [
			{
				"name": "doudizhu/voice/v15",
				"stream": true
			}
		]
	},
	"doudizhu.v16": {
		"replace": true,
		"sounds": [
			{
				"name": "doudizhu/voice/v16",
				"stream": true
			}
		]
	},
	"doudizhu.v17": {
		"replace": true,
		"sounds": [
			{
				"name": "doudizhu/voice/v17",
				"stream": true
			}
		]
	},
	"doudizhu.v18": {
		"replace": true,
		"sounds": [
			{
				"name": "doudizhu/voice/v18",
				"stream": true
			}
		]
	},
	"doudizhu.v19": {
		"replace": true,
		"sounds": [
			{
				"name": "doudizhu/voice/v19",
				"stream": true
			}
		]
	},
	"doudizhu.v20": {
		"replace": true,
		"sounds": [
			{
				"name": "doudizhu/voice/v20",
				"stream": true
			}
		]
	},
	"doudizhu.v21": {
		"replace": true,
		"sounds": [
			{
				"name": "doudizhu/voice/v21",
				"stream": true
			}
		]
	},
	"doudizhu.v22": {
		"replace": true,
		"sounds": [
			{
				"name": "doudizhu/voice/v22",
				"stream": true
			}
		]
	},
	"doudizhu.win": {
		"replace": true,
		"sounds": [
			{
				"name": "doudizhu/effect/win",
				"stream": true
			}
		]
	},
	"doudizhu.lose": {
		"replace": true,
		"sounds": [
			{
				"name": "doudizhu/effect/lose",
				"stream": true
			}
		]
	},
	"doudizhu.jiaodizhu": {
		"replace": true,
		"sounds": [
			{
				"name": "doudizhu/effect/jiaodizhu",
				"stream": true
			}
		]
	},
	"doudizhu.qiangdizhu": {
		"replace": true,
		"sounds": [
			{
				"name": "doudizhu/effect/qiangdizhu",
				"stream": true
			}
		]
	},
	"doudizhu.buqiang": {
		"replace": true,
		"sounds": [
			{
				"name": "doudizhu/effect/buqiang",
				"stream": true
			}
		]
	}
}