{
	"credit": "Made with Blockbench",
	"textures": {
		"0": "join_botton",
		"particle": "join_botton"
	},
	"elements": [
		{
			"from": [0, 0, 0],
			"to": [14, 13, 1],
			"faces": {
				"north": {"uv": [0, 0, 1, 16], "texture": "#0"},
				"east": {"uv": [0, 0, 1, 16], "texture": "#0"},
				"south": {"uv": [0, 0, 16, 16], "texture": "#0"},
				"west": {"uv": [0, 0, 1, 16], "texture": "#0"},
				"up": {"uv": [0, 0, 1, 16], "texture": "#0"},
				"down": {"uv": [0, 0, 1, 16], "texture": "#0"}
			}
		}
	],
	"display": {
		"head": {
			"rotation": [0, 180, 0],
			"translation": [-1, -40.5, -15]
		}
	}
}