{
    "parent": "item/handheld_rod",
    "textures": {
        "layer0": "item/carrot_on_a_stick"
    },
	"overrides" :[
		{"predicate":{"custom_model_data":301},"model":"pointer"},
		{"predicate":{"custom_model_data":302},"model":"exchange"},
		{"predicate":{"custom_model_data":303},"model":"x"},
		{"predicate":{"custom_model_data":304},"model":"1"},
		{"predicate":{"custom_model_data":305},"model":"2"},
		{"predicate":{"custom_model_data":306},"model":"3"},
		{"predicate":{"custom_model_data":307},"model":"shed"},
		{"predicate":{"custom_model_data":308},"model":"magnifier"},
		{"predicate":{"custom_model_data":309},"model":"list"},
		{"predicate":{"custom_model_data":310},"model":"bulb"},
		{"predicate":{"custom_model_data":311},"model":"O"}
	]
}
