{
    "parent": "item/handheld_rod",
    "textures": {
        "layer0": "item/gray_dye"
    },
	"overrides" :[
		{"predicate":{"custom_model_data":1},"model":"poker_cards/diamonds3"},
		{"predicate":{"custom_model_data":2},"model":"poker_cards/clubs3"},
		{"predicate":{"custom_model_data":3},"model":"poker_cards/hearts3"},
		{"predicate":{"custom_model_data":4},"model":"poker_cards/spades3"},
		{"predicate":{"custom_model_data":5},"model":"poker_cards/diamonds4"},
		{"predicate":{"custom_model_data":6},"model":"poker_cards/clubs4"},
		{"predicate":{"custom_model_data":7},"model":"poker_cards/hearts4"},
		{"predicate":{"custom_model_data":8},"model":"poker_cards/spades4"},
		{"predicate":{"custom_model_data":9},"model":"poker_cards/diamonds5"},
		{"predicate":{"custom_model_data":10},"model":"poker_cards/clubs5"},
		{"predicate":{"custom_model_data":11},"model":"poker_cards/hearts5"},
		{"predicate":{"custom_model_data":12},"model":"poker_cards/spades5"},
		{"predicate":{"custom_model_data":13},"model":"poker_cards/diamonds6"},
		{"predicate":{"custom_model_data":14},"model":"poker_cards/clubs6"},
		{"predicate":{"custom_model_data":15},"model":"poker_cards/hearts6"},
		{"predicate":{"custom_model_data":16},"model":"poker_cards/spades6"},
		{"predicate":{"custom_model_data":17},"model":"poker_cards/diamonds7"},
		{"predicate":{"custom_model_data":18},"model":"poker_cards/clubs7"},
		{"predicate":{"custom_model_data":19},"model":"poker_cards/hearts7"},
		{"predicate":{"custom_model_data":20},"model":"poker_cards/spades7"},
		{"predicate":{"custom_model_data":21},"model":"poker_cards/diamonds8"},
		{"predicate":{"custom_model_data":22},"model":"poker_cards/clubs8"},
		{"predicate":{"custom_model_data":23},"model":"poker_cards/hearts8"},
		{"predicate":{"custom_model_data":24},"model":"poker_cards/spades8"},
		{"predicate":{"custom_model_data":25},"model":"poker_cards/diamonds9"},
		{"predicate":{"custom_model_data":26},"model":"poker_cards/clubs9"},
		{"predicate":{"custom_model_data":27},"model":"poker_cards/hearts9"},
		{"predicate":{"custom_model_data":28},"model":"poker_cards/spades9"},
		{"predicate":{"custom_model_data":29},"model":"poker_cards/diamonds10"},
		{"predicate":{"custom_model_data":30},"model":"poker_cards/clubs10"},
		{"predicate":{"custom_model_data":31},"model":"poker_cards/hearts10"},
		{"predicate":{"custom_model_data":32},"model":"poker_cards/spades10"},
		{"predicate":{"custom_model_data":33},"model":"poker_cards/diamonds11"},
		{"predicate":{"custom_model_data":34},"model":"poker_cards/clubs11"},
		{"predicate":{"custom_model_data":35},"model":"poker_cards/hearts11"},
		{"predicate":{"custom_model_data":36},"model":"poker_cards/spades11"},
		{"predicate":{"custom_model_data":37},"model":"poker_cards/diamonds12"},
		{"predicate":{"custom_model_data":38},"model":"poker_cards/clubs12"},
		{"predicate":{"custom_model_data":39},"model":"poker_cards/hearts12"},
		{"predicate":{"custom_model_data":40},"model":"poker_cards/spades12"},
		{"predicate":{"custom_model_data":41},"model":"poker_cards/diamonds13"},
		{"predicate":{"custom_model_data":42},"model":"poker_cards/clubs13"},
		{"predicate":{"custom_model_data":43},"model":"poker_cards/hearts13"},
		{"predicate":{"custom_model_data":44},"model":"poker_cards/spades13"},
		{"predicate":{"custom_model_data":45},"model":"poker_cards/diamonds1"},
		{"predicate":{"custom_model_data":46},"model":"poker_cards/clubs1"},
		{"predicate":{"custom_model_data":47},"model":"poker_cards/hearts1"},
		{"predicate":{"custom_model_data":48},"model":"poker_cards/spades1"},
		{"predicate":{"custom_model_data":49},"model":"poker_cards/diamonds2"},
		{"predicate":{"custom_model_data":50},"model":"poker_cards/clubs2"},
		{"predicate":{"custom_model_data":51},"model":"poker_cards/hearts2"},
		{"predicate":{"custom_model_data":52},"model":"poker_cards/spades2"},
		{"predicate":{"custom_model_data":53},"model":"poker_cards/joker1"},
		{"predicate":{"custom_model_data":54},"model":"poker_cards/joker2"}
	]
}
