{
    "parent": "item/handheld_rod",
    "textures": {
        "layer0": "item/red_dye"
    },
	"overrides" :[
		{"predicate":{"custom_model_data":101},"model":"clover_cards/diamonds3"},
		{"predicate":{"custom_model_data":102},"model":"clover_cards/clubs3"},
		{"predicate":{"custom_model_data":103},"model":"clover_cards/hearts3"},
		{"predicate":{"custom_model_data":104},"model":"clover_cards/spades3"},
		{"predicate":{"custom_model_data":105},"model":"clover_cards/diamonds4"},
		{"predicate":{"custom_model_data":106},"model":"clover_cards/clubs4"},
		{"predicate":{"custom_model_data":107},"model":"clover_cards/hearts4"},
		{"predicate":{"custom_model_data":108},"model":"clover_cards/spades4"},
		{"predicate":{"custom_model_data":109},"model":"clover_cards/diamonds5"},
		{"predicate":{"custom_model_data":110},"model":"clover_cards/clubs5"},
		{"predicate":{"custom_model_data":111},"model":"clover_cards/hearts5"},
		{"predicate":{"custom_model_data":112},"model":"clover_cards/spades5"},
		{"predicate":{"custom_model_data":113},"model":"clover_cards/diamonds6"},
		{"predicate":{"custom_model_data":114},"model":"clover_cards/clubs6"},
		{"predicate":{"custom_model_data":115},"model":"clover_cards/hearts6"},
		{"predicate":{"custom_model_data":116},"model":"clover_cards/spades6"},
		{"predicate":{"custom_model_data":117},"model":"clover_cards/diamonds7"},
		{"predicate":{"custom_model_data":118},"model":"clover_cards/clubs7"},
		{"predicate":{"custom_model_data":119},"model":"clover_cards/hearts7"},
		{"predicate":{"custom_model_data":120},"model":"clover_cards/spades7"},
		{"predicate":{"custom_model_data":121},"model":"clover_cards/diamonds8"},
		{"predicate":{"custom_model_data":122},"model":"clover_cards/clubs8"},
		{"predicate":{"custom_model_data":123},"model":"clover_cards/hearts8"},
		{"predicate":{"custom_model_data":124},"model":"clover_cards/spades8"},
		{"predicate":{"custom_model_data":125},"model":"clover_cards/diamonds9"},
		{"predicate":{"custom_model_data":126},"model":"clover_cards/clubs9"},
		{"predicate":{"custom_model_data":127},"model":"clover_cards/hearts9"},
		{"predicate":{"custom_model_data":128},"model":"clover_cards/spades9"},
		{"predicate":{"custom_model_data":129},"model":"clover_cards/diamonds10"},
		{"predicate":{"custom_model_data":130},"model":"clover_cards/clubs10"},
		{"predicate":{"custom_model_data":131},"model":"clover_cards/hearts10"},
		{"predicate":{"custom_model_data":132},"model":"clover_cards/spades10"},
		{"predicate":{"custom_model_data":133},"model":"clover_cards/diamonds11"},
		{"predicate":{"custom_model_data":134},"model":"clover_cards/clubs11"},
		{"predicate":{"custom_model_data":135},"model":"clover_cards/hearts11"},
		{"predicate":{"custom_model_data":136},"model":"clover_cards/spades11"},
		{"predicate":{"custom_model_data":137},"model":"clover_cards/diamonds12"},
		{"predicate":{"custom_model_data":138},"model":"clover_cards/clubs12"},
		{"predicate":{"custom_model_data":139},"model":"clover_cards/hearts12"},
		{"predicate":{"custom_model_data":140},"model":"clover_cards/spades12"},
		{"predicate":{"custom_model_data":141},"model":"clover_cards/diamonds13"},
		{"predicate":{"custom_model_data":142},"model":"clover_cards/clubs13"},
		{"predicate":{"custom_model_data":143},"model":"clover_cards/hearts13"},
		{"predicate":{"custom_model_data":144},"model":"clover_cards/spades13"},
		{"predicate":{"custom_model_data":145},"model":"clover_cards/diamonds1"},
		{"predicate":{"custom_model_data":146},"model":"clover_cards/clubs1"},
		{"predicate":{"custom_model_data":147},"model":"clover_cards/hearts1"},
		{"predicate":{"custom_model_data":148},"model":"clover_cards/spades1"},
		{"predicate":{"custom_model_data":149},"model":"clover_cards/diamonds2"},
		{"predicate":{"custom_model_data":150},"model":"clover_cards/clubs2"},
		{"predicate":{"custom_model_data":151},"model":"clover_cards/hearts2"},
		{"predicate":{"custom_model_data":152},"model":"clover_cards/spades2"},
		{"predicate":{"custom_model_data":153},"model":"clover_cards/joker1"},
		{"predicate":{"custom_model_data":154},"model":"clover_cards/joker2"}
	]
}
