
{
	"credit": "Made with Blockbench",
	"textures": {
		"0": "clover_deck/24",
		"1": "clover_deck/back",
		"particle": "clover_deck/24"
	},
	"elements": [
		{
			"from": [0, 0, 0],
			"to": [9, 16, 0.2],
			"rotation": {"angle": 0, "axis": "y", "origin": [23, 8, 8]},
			"faces": {
				"north": {"uv": [8, 0, 16, 12], "texture": "#1"},
				"south": {"uv": [0, 0, 8, 12], "texture": "#0"}
			}
		}
	],
	"display": {
		"thirdperson_righthand": {
			"translation": [0, 2.25, 2.5],
			"scale": [0.3, 0.3, 0.3]
		},
		"thirdperson_lefthand": {
			"translation": [-2, 2.25, 2.5],
			"scale": [0.3, 0.3, 0.3]
		},
		"firstperson_righthand": {
			"translation": [6.75, 0, 0]
		},
		"firstperson_lefthand": {
			"translation": [6.75, 0, 0]
		},
		"head": {
			"rotation": [0, -180, 0],
			"translation": [-10, -40, -26],
			"scale": [3, 3, 3]
		}
	}
}
